code_expert;nom_expert;garage
000000000772732;Hatem Ayari;Garage Carthage
000000000559177;Imed Bouzid;Garage Sfax Auto
000000000880652;Rim Haddad;Garage El Wifak
000000000062589;Kais Ayari;Garage CarPro
000000000976097;Imed Bouzid;Garage Medina
000000000066080;Bassem Mejri;Garage Medina
000000000928468;Walid Gharbi;Garage Medina
000000000823142;Hatem Kammoun;Garage CarPro
000000000257492;Hatem Ben Ali;Garage CarPro
000000000680914;Kais Ayari;Garage Medina
000000000414143;Nabil Trabelsi;Garage Carthage
000000000028005;Salah Haddad;Garage Phosphate Auto
000000000580239;Kais Mejri;Garage Medina
000000000273176;Amira Mansour;Garage Nord Meca
000000000618356;Rim Mejri;Garage Phosphate Auto
000000000219763;Hatem Ayari;Garage El Amal
000000000869280;Samir Ben Youssef;Garage Oasis
000000000146520;Mounir Mansour;Garage El Amal
000000000554704;Mounir Kammoun;Garage Phosphate Auto
000000000582742;Yassine Trabelsi;Garage El Amal
000000000567474;Hatem Sassi;Garage El Amal
000000000563069;Amira Sassi;Garage RapidFix
000000000593660;Khaled Ayari;Garage Medina
000000000719967;Yassine Bouzid;Garage Phosphate Auto
000000000100722;Sofiene Mansour;Garage El Amal
000000000069528;Bassem Ben Youssef;Garage Oasis
000000000008930;Nabil Kammoun;Garage Carthage
000000000142952;Salah Sassi;Garage CarPro
000000000442234;Amira Haddad;Garage Medina
000000000337666;Nabil Ben Youssef;Garage Sahel Service
000000000635754;Khaled Mansour;Garage Phosphate Auto
000000000168139;Noura Kammoun;Garage Carthage
000000000333898;Rim Ben Youssef;Garage Medina
000000000502800;Imed Bouzid;Garage Medina
000000000625779;Kais Trabelsi;Garage Oasis
000000000280772;Sofiene Sassi;Garage Phosphate Auto
000000000760069;Amira Haddad;Garage RapidFix
000000000834444;Nabil Kammoun;Garage Sahel Service
000000000914926;Kais Trabelsi;Garage El Amal
000000000957220;Nabil Mansour;Garage El Amal
000000000381045;Samir Ben Youssef;Garage RapidFix
000000000647155;Rim Trabelsi;Garage Nord Meca
000000000299525;Bassem Sassi;Garage RapidFix
000000000411928;Walid Sassi;Garage Medina
000000000309020;Imed Gharbi;Garage Oasis
000000000182541;Nabil Ben Ali;Garage CarPro
000000000821751;Walid Haddad;Garage Carthage
000000000534650;Mounir Sassi;Garage El Wifak
000000000953089;Hatem Trabelsi;Garage Nord Meca
000000000740948;Bassem Mansour;Garage Oasis
000000000167696;Khaled Mejri;Garage Medina
000000000697250;Imed Ben Ali;Garage El Amal
000000000251122;Khaled Kammoun;Garage Oasis
000000000317892;Yassine Ben Youssef;Garage Carthage
000000000281690;Nabil Gharbi;Garage El Amal
000000000482548;Walid Kammoun;Garage Nord Meca
000000000957085;Khaled Ayari;Garage Carthage
000000000598278;Walid Ben Ali;Garage Sahel Service
000000000841372;Nabil Haddad;Garage Oasis
000000000523623;Walid Gharbi;Garage El Amal
000000000330355;Salah Mejri;Garage Oasis
000000000694467;Kais Mejri;Garage Phosphate Auto
000000000901278;Hatem Mansour;Garage Nord Meca
000000000707943;Bassem Mejri;Garage Nord Meca
000000000951814;Walid Bouzid;Garage Nord Meca
000000000834165;Imed Mansour;Garage Medina
000000000719851;Kais Gharbi;Garage El Wifak
000000000253862;Imed Mejri;Garage CarPro
000000000800219;Salah Mejri;Garage Sfax Auto
000000000173986;Rim Ayari;Garage Sfax Auto
000000000777538;Sofiene Haddad;Garage El Wifak
000000000102214;Kais Kammoun;Garage El Amal
000000000822745;Amira Mansour;Garage Medina
000000000577316;Kais Mansour;Garage CarPro
000000000735935;Bassem Ben Ali;Garage Sfax Auto
000000000263225;Khaled Gharbi;Garage Oasis
000000000689242;Rim Bouzid;Garage El Amal
000000000749267;Nabil Haddad;Garage Sahel Service
000000000615675;Bassem Mansour;Garage Carthage
000000000231154;Salah Gharbi;Garage CarPro
000000000743342;Bassem Mansour;Garage Phosphate Auto
000000000375101;Rim Mansour;Garage Phosphate Auto
000000000107058;Khaled Haddad;Garage Sahel Service
000000000101440;Rim Ben Ali;Garage Medina
000000000028708;Salah Ben Youssef;Garage Sahel Service
000000000373801;Imed Kammoun;Garage El Amal
000000000041894;Amira Mansour;Garage Nord Meca
000000000960130;Noura Trabelsi;Garage Carthage
000000000458024;Walid Haddad;Garage Sfax Auto
000000000934842;Bassem Kammoun;Garage CarPro
000000000299499;Nabil Ben Ali;Garage El Amal
000000000492510;Sofiene Mejri;Garage RapidFix
000000000093290;Imed Ben Ali;Garage Nord Meca
000000000769744;Walid Sassi;Garage Medina
000000000116682;Kais Ayari;Garage CarPro
000000000084864;Mounir Ben Youssef;Garage Oasis
000000000934606;Walid Ben Youssef;Garage Phosphate Auto
000000000829216;Mounir Mejri;Garage Nord Meca
000000000295966;Noura Kammoun;Garage Nord Meca
000000000285024;Rim Mansour;Garage Nord Meca
000000000479142;Mounir Sassi;Garage Sfax Auto
000000000177380;Samir Ayari;Garage RapidFix
000000000072060;Sofiene Kammoun;Garage El Wifak
000000000779696;Sofiene Kammoun;Garage Sfax Auto
000000000914850;Salah Gharbi;Garage Sfax Auto
000000000792702;Samir Ayari;Garage CarPro
000000000630722;Samir Bouzid;Garage El Amal
000000000215928;Noura Mejri;Garage Sfax Auto
000000000546853;Samir Sassi;Garage Sahel Service
000000000579228;Mounir Ben Youssef;Garage Nord Meca
000000000106733;Salah Gharbi;Garage Sfax Auto
000000000815374;Walid Mansour;Garage RapidFix
000000000648584;Nabil Ben Ali;Garage RapidFix
000000000493797;Bassem Ben Ali;Garage Nord Meca
000000000999866;Sofiene Kammoun;Garage El Wifak
000000000067160;Khaled Kammoun;Garage Sahel Service
000000000077410;Mounir Sassi;Garage El Amal
000000000103024;Bassem Trabelsi;Garage Phosphate Auto
000000000118627;Khaled Trabelsi;Garage RapidFix
000000000528820;Imed Bouzid;Garage Sfax Auto
000000000504514;Noura Mansour;Garage Oasis
000000000611049;Hatem Kammoun;Garage Sfax Auto
000000000376617;Rim Ben Ali;Garage El Wifak
000000000503439;Bassem Trabelsi;Garage Nord Meca
000000000263965;Imed Trabelsi;Garage Sahel Service
000000000832453;Walid Kammoun;Garage Sahel Service
000000000750074;Nabil Ben Youssef;Garage El Amal
000000000549398;Kais Kammoun;Garage Sfax Auto
000000000117122;Hatem Ben Ali;Garage RapidFix
000000000771334;Walid Mejri;Garage CarPro
000000000093642;Mounir Mansour;Garage CarPro
000000000869052;Salah Ben Ali;Garage CarPro
000000000103401;Samir Mejri;Garage Phosphate Auto
000000000021778;Sofiene Trabelsi;Garage Sahel Service
000000000629496;Sofiene Ayari;Garage RapidFix
000000000394583;Samir Mansour;Garage Sahel Service
000000000350942;Kais Ayari;Garage Sahel Service
000000000906887;Samir Mejri;Garage Phosphate Auto
000000000018361;Yassine Trabelsi;Garage Phosphate Auto
000000000953160;Noura Ben Youssef;Garage Nord Meca
000000000338519;Yassine Ben Ali;Garage El Wifak
000000000641732;Hatem Ayari;Garage El Wifak
000000000293424;Rim Haddad;Garage Sahel Service
000000000475925;Khaled Sassi;Garage Sfax Auto
000000000189120;Kais Gharbi;Garage Medina
000000000329134;Khaled Sassi;Garage El Wifak
000000000692311;Salah Trabelsi;Garage Nord Meca
000000000436092;Sofiene Ayari;Garage RapidFix
000000000894242;Imed Kammoun;Garage Sfax Auto
000000000893764;Bassem Gharbi;Garage Sfax Auto
000000000403540;Hatem Ayari;Garage El Wifak
000000000845221;Mounir Ben Youssef;Garage Sahel Service
000000000299846;Kais Ben Youssef;Garage Nord Meca
000000000844053;Imed Sassi;Garage CarPro
000000000562974;Samir Gharbi;Garage Oasis
000000000884460;Hatem Ayari;Garage Oasis
000000000913360;Walid Mansour;Garage Nord Meca
000000000680078;Rim Ben Youssef;Garage El Wifak
000000000965361;Samir Bouzid;Garage Oasis
000000000588446;Mounir Mansour;Garage Sfax Auto
000000000148303;Hatem Kammoun;Garage Carthage
000000000215201;Amira Bouzid;Garage Medina
000000000471616;Khaled Trabelsi;Garage CarPro
000000000453240;Imed Ben Ali;Garage Nord Meca
000000000255523;Noura Bouzid;Garage Carthage
000000000926418;Noura Mansour;Garage Oasis
000000000773063;Kais Bouzid;Garage Sfax Auto
000000000657766;Sofiene Bouzid;Garage Carthage
000000000448149;Kais Bouzid;Garage El Amal
000000000428140;Mounir Mejri;Garage Nord Meca
000000000518051;Salah Ben Youssef;Garage El Amal
000000000666006;Amira Ben Youssef;Garage Sahel Service
000000000265657;Noura Ben Ali;Garage Sahel Service
000000000394294;Hatem Haddad;Garage Sahel Service
000000000138568;Samir Mejri;Garage El Wifak
000000000115012;Amira Trabelsi;Garage Carthage
000000000333797;Salah Sassi;Garage Carthage
000000000205271;Bassem Haddad;Garage Carthage
000000000977325;Rim Sassi;Garage Medina
000000000721830;Imed Mansour;Garage RapidFix
000000000305981;Samir Ayari;Garage Carthage
000000000976271;Noura Gharbi;Garage RapidFix
000000000359731;Hatem Ayari;Garage El Amal
000000000641945;Nabil Ben Youssef;Garage Nord Meca
000000000867900;Amira Kammoun;Garage Nord Meca
000000000518357;Walid Trabelsi;Garage Nord Meca
000000000505156;Salah Gharbi;Garage Nord Meca
000000000241600;Rim Ben Ali;Garage RapidFix
000000000493581;Imed Kammoun;Garage Medina
000000000703839;Samir Ben Ali;Garage Phosphate Auto
000000000948355;Mounir Trabelsi;Garage Phosphate Auto
000000000174807;Bassem Mejri;Garage El Wifak
000000000713268;Hatem Ben Youssef;Garage Oasis
000000000940624;Nabil Mansour;Garage Nord Meca
000000000534515;Hatem Kammoun;Garage Oasis
000000000474560;Nabil Sassi;Garage El Wifak
000000000432353;Salah Trabelsi;Garage Medina
000000000921177;Mounir Haddad;Garage El Amal
000000000942963;Nabil Ben Ali;Garage Medina
000000000503375;Hatem Ben Youssef;Garage RapidFix
000000000782184;Sofiene Bouzid;Garage Nord Meca
000000000031543;Mounir Mansour;Garage Sahel Service
000000000520882;Samir Bouzid;Garage RapidFix
000000000782723;Khaled Gharbi;Garage Sfax Auto
000000000951457;Sofiene Haddad;Garage Phosphate Auto
000000000950924;Sofiene Mansour;Garage Medina
000000000624622;Yassine Ben Ali;Garage El Amal
000000000201331;Khaled Sassi;Garage El Wifak
000000000496136;Bassem Bouzid;Garage Sahel Service
000000000917695;Samir Mansour;Garage Sfax Auto
000000000436518;Samir Sassi;Garage Nord Meca
000000000057054;Hatem Kammoun;Garage Carthage
000000000563839;Hatem Kammoun;Garage Nord Meca
000000000446580;Walid Ben Ali;Garage CarPro
000000000330610;Samir Ben Ali;Garage Medina
000000000780731;Noura Trabelsi;Garage Nord Meca
000000000123049;Khaled Mejri;Garage Nord Meca
000000000239650;Bassem Kammoun;Garage RapidFix
000000000008272;Hatem Bouzid;Garage Sahel Service
000000000394075;Imed Kammoun;Garage Oasis
000000000445617;Samir Haddad;Garage Nord Meca
000000000747575;Bassem Gharbi;Garage El Wifak
000000000613342;Bassem Sassi;Garage El Amal
000000000128687;Rim Ben Ali;Garage CarPro
000000000969855;Nabil Gharbi;Garage El Amal
000000000024006;Salah Ben Youssef;Garage RapidFix
000000000593059;Bassem Gharbi;Garage Sahel Service
000000000768051;Walid Haddad;Garage Medina
000000000282561;Hatem Trabelsi;Garage Sfax Auto
000000000954833;Salah Bouzid;Garage Medina
000000000442973;Amira Mansour;Garage Sahel Service
000000000399598;Amira Mansour;Garage RapidFix
000000000705742;Salah Sassi;Garage El Amal
000000000697186;Amira Ben Youssef;Garage Nord Meca
000000000312581;Kais Bouzid;Garage Nord Meca
000000000428622;Salah Ayari;Garage El Wifak
000000000960353;Kais Mejri;Garage RapidFix
000000000462289;Yassine Ben Ali;Garage Oasis
000000000167805;Amira Sassi;Garage Phosphate Auto
000000000024491;Noura Kammoun;Garage El Wifak
000000000019955;Hatem Mejri;Garage Nord Meca
000000000418459;Noura Gharbi;Garage CarPro
000000000438097;Walid Sassi;Garage El Amal
000000000633461;Sofiene Ben Youssef;Garage RapidFix
000000000348709;Bassem Haddad;Garage RapidFix
000000000389449;Samir Ben Youssef;Garage Oasis
000000000081985;Walid Haddad;Garage Carthage
000000000286320;Amira Sassi;Garage El Wifak
000000000899591;Nabil Mansour;Garage Medina
000000000498078;Noura Trabelsi;Garage Sahel Service
