entity_type;entity_value;reason;date_added
EXPERT;000000000273176;Expert en liste noire;2026-02-12
EXPERT;000000000721830;Expert en liste noire;2026-02-12
EXPERT;000000000102214;Expert en liste noire;2026-02-12
EXPERT;000000000458024;Expert en liste noire;2026-02-12
EXPERT;000000000834444;Expert en liste noire;2026-02-12
EXPERT;000000000999866;Expert en liste noire;2026-02-12
EXPERT;000000000582742;Expert en liste noire;2026-02-12
EXPERT;000000000926418;Expert en liste noire;2026-02-12
EXPERT;000000000167805;Expert en liste noire;2026-02-12
EXPERT;000000000624622;Expert en liste noire;2026-02-12
EXPERT;000000000448149;Expert en liste noire;2026-02-12
EXPERT;000000000593660;Expert en liste noire;2026-02-12
ASSURE;000000000179181;Assuré en liste noire;2026-02-12
ASSURE;000000000199809;Assuré en liste noire;2026-02-12
ASSURE;000000000146073;Assuré en liste noire;2026-02-12
ASSURE;000000000129493;Assuré en liste noire;2026-02-12
ASSURE;000000000168841;Assuré en liste noire;2026-02-12
ASSURE;000000000165161;Assuré en liste noire;2026-02-12
ASSURE;000000000199887;Assuré en liste noire;2026-02-12
ASSURE;000000000162967;Assuré en liste noire;2026-02-12
ASSURE;000000000185625;Assuré en liste noire;2026-02-12
ASSURE;000000000168941;Assuré en liste noire;2026-02-12
ASSURE;000000000186418;Assuré en liste noire;2026-02-12
ASSURE;000000000147554;Assuré en liste noire;2026-02-12
ASSURE;000000000189078;Assuré en liste noire;2026-02-12
ASSURE;000000000195771;Assuré en liste noire;2026-02-12
ASSURE;000000000138041;Assuré en liste noire;2026-02-12
ASSURE;000000000141139;Assuré en liste noire;2026-02-12
ASSURE;000000000113276;Assuré en liste noire;2026-02-12
ASSURE;000000000140747;Assuré en liste noire;2026-02-12
ASSURE;000000000195862;Assuré en liste noire;2026-02-12
ASSURE;000000000179818;Assuré en liste noire;2026-02-12
ASSURE;000000000162234;Assuré en liste noire;2026-02-12
ASSURE;000000000133892;Assuré en liste noire;2026-02-12
ASSURE;000000000174223;Assuré en liste noire;2026-02-12
ASSURE;000000000143719;Assuré en liste noire;2026-02-12
ASSURE;000000000181548;Assuré en liste noire;2026-02-12
ASSURE;000000000106596;Assuré en liste noire;2026-02-12
ASSURE;000000000191663;Assuré en liste noire;2026-02-12
ASSURE;000000000136271;Assuré en liste noire;2026-02-12
ASSURE;000000000160867;Assuré en liste noire;2026-02-12
ASSURE;000000000112702;Assuré en liste noire;2026-02-12
ASSURE;000000000175518;Assuré en liste noire;2026-02-12
ASSURE;000000000101164;Assuré en liste noire;2026-02-12
ASSURE;000000000115873;Assuré en liste noire;2026-02-12
ASSURE;000000000145938;Assuré en liste noire;2026-02-12
ASSURE;000000000126435;Assuré en liste noire;2026-02-12
ASSURE;000000000197032;Assuré en liste noire;2026-02-12
ASSURE;000000000113923;Assuré en liste noire;2026-02-12
ASSURE;000000000147692;Assuré en liste noire;2026-02-12
ASSURE;000000000101681;Assuré en liste noire;2026-02-12
ASSURE;000000000122753;Assuré en liste noire;2026-02-12
ASSURE;000000000186330;Assuré en liste noire;2026-02-12
ASSURE;000000000107530;Assuré en liste noire;2026-02-12
ASSURE;000000000195287;Assuré en liste noire;2026-02-12
ASSURE;000000000128966;Assuré en liste noire;2026-02-12
ASSURE;000000000110637;Assuré en liste noire;2026-02-12
ASSURE;000000000167736;Assuré en liste noire;2026-02-12
ASSURE;000000000188145;Assuré en liste noire;2026-02-12
ASSURE;000000000151988;Assuré en liste noire;2026-02-12
ASSURE;000000000112861;Assuré en liste noire;2026-02-12
ASSURE;000000000183464;Assuré en liste noire;2026-02-12
ASSURE;000000000161670;Assuré en liste noire;2026-02-12
ASSURE;000000000141565;Assuré en liste noire;2026-02-12
ASSURE;000000000105304;Assuré en liste noire;2026-02-12
ASSURE;000000000114223;Assuré en liste noire;2026-02-12
ASSURE;000000000118492;Assuré en liste noire;2026-02-12
ASSURE;000000000157351;Assuré en liste noire;2026-02-12
ASSURE;000000000195359;Assuré en liste noire;2026-02-12
ASSURE;000000000105559;Assuré en liste noire;2026-02-12
ASSURE;000000000118464;Assuré en liste noire;2026-02-12
ASSURE;000000000105340;Assuré en liste noire;2026-02-12
ASSURE;000000000145104;Assuré en liste noire;2026-02-12
ASSURE;000000000162462;Assuré en liste noire;2026-02-12
ASSURE;000000000135655;Assuré en liste noire;2026-02-12
ASSURE;000000000154315;Assuré en liste noire;2026-02-12
ASSURE;000000000140610;Assuré en liste noire;2026-02-12
ASSURE;000000000149765;Assuré en liste noire;2026-02-12
ASSURE;000000000113627;Assuré en liste noire;2026-02-12
ASSURE;000000000190806;Assuré en liste noire;2026-02-12
ASSURE;000000000162662;Assuré en liste noire;2026-02-12
ASSURE;000000000161057;Assuré en liste noire;2026-02-12
ASSURE;000000000101378;Assuré en liste noire;2026-02-12
ASSURE;000000000184690;Assuré en liste noire;2026-02-12
ASSURE;000000000188819;Assuré en liste noire;2026-02-12
ASSURE;000000000131875;Assuré en liste noire;2026-02-12
ASSURE;000000000116431;Assuré en liste noire;2026-02-12
ASSURE;000000000151341;Assuré en liste noire;2026-02-12
ASSURE;000000000163510;Assuré en liste noire;2026-02-12
ASSURE;000000000147345;Assuré en liste noire;2026-02-12
ASSURE;000000000121324;Assuré en liste noire;2026-02-12
ASSURE;000000000133798;Assuré en liste noire;2026-02-12
ASSURE;000000000132725;Assuré en liste noire;2026-02-12
ASSURE;000000000191485;Assuré en liste noire;2026-02-12
ASSURE;000000000134268;Assuré en liste noire;2026-02-12
ASSURE;000000000102415;Assuré en liste noire;2026-02-12
ASSURE;000000000131111;Assuré en liste noire;2026-02-12
ASSURE;000000000139237;Assuré en liste noire;2026-02-12
ASSURE;000000000102582;Assuré en liste noire;2026-02-12
ASSURE;000000000102526;Assuré en liste noire;2026-02-12
ASSURE;000000000106540;Assuré en liste noire;2026-02-12
ASSURE;000000000152750;Assuré en liste noire;2026-02-12
ASSURE;000000000137721;Assuré en liste noire;2026-02-12
ASSURE;000000000106138;Assuré en liste noire;2026-02-12
ASSURE;000000000124449;Assuré en liste noire;2026-02-12
ASSURE;000000000126467;Assuré en liste noire;2026-02-12
ASSURE;000000000187699;Assuré en liste noire;2026-02-12
ASSURE;000000000152154;Assuré en liste noire;2026-02-12
ASSURE;000000000181971;Assuré en liste noire;2026-02-12
ASSURE;000000000148794;Assuré en liste noire;2026-02-12
ASSURE;000000000113237;Assuré en liste noire;2026-02-12
ASSURE;000000000187222;Assuré en liste noire;2026-02-12
ASSURE;000000000155832;Assuré en liste noire;2026-02-12
ASSURE;000000000140370;Assuré en liste noire;2026-02-12
ASSURE;000000000166786;Assuré en liste noire;2026-02-12
ASSURE;000000000182308;Assuré en liste noire;2026-02-12
ASSURE;000000000164743;Assuré en liste noire;2026-02-12
ASSURE;000000000144378;Assuré en liste noire;2026-02-12
ASSURE;000000000126917;Assuré en liste noire;2026-02-12
ASSURE;000000000117053;Assuré en liste noire;2026-02-12
ASSURE;000000000171279;Assuré en liste noire;2026-02-12
ASSURE;000000000104979;Assuré en liste noire;2026-02-12
ASSURE;000000000197186;Assuré en liste noire;2026-02-12
ASSURE;000000000111332;Assuré en liste noire;2026-02-12
ASSURE;000000000151134;Assuré en liste noire;2026-02-12
ASSURE;000000000111329;Assuré en liste noire;2026-02-12
ASSURE;000000000199324;Assuré en liste noire;2026-02-12
ASSURE;000000000117977;Assuré en liste noire;2026-02-12
ASSURE;000000000137886;Assuré en liste noire;2026-02-12
ASSURE;000000000145230;Assuré en liste noire;2026-02-12
ASSURE;000000000166494;Assuré en liste noire;2026-02-12
ASSURE;000000000165603;Assuré en liste noire;2026-02-12
ASSURE;000000000194036;Assuré en liste noire;2026-02-12
ASSURE;000000000107100;Assuré en liste noire;2026-02-12
ASSURE;000000000151479;Assuré en liste noire;2026-02-12
ASSURE;000000000103305;Assuré en liste noire;2026-02-12
ASSURE;000000000166839;Assuré en liste noire;2026-02-12
ASSURE;000000000193915;Assuré en liste noire;2026-02-12
ASSURE;000000000199964;Assuré en liste noire;2026-02-12
ASSURE;000000000141801;Assuré en liste noire;2026-02-12
ASSURE;000000000109022;Assuré en liste noire;2026-02-12
ASSURE;000000000153930;Assuré en liste noire;2026-02-12
ASSURE;000000000121492;Assuré en liste noire;2026-02-12
ASSURE;000000000185302;Assuré en liste noire;2026-02-12
ASSURE;000000000106789;Assuré en liste noire;2026-02-12
ASSURE;000000000184401;Assuré en liste noire;2026-02-12
ASSURE;000000000175547;Assuré en liste noire;2026-02-12
ASSURE;000000000194599;Assuré en liste noire;2026-02-12
ASSURE;000000000111144;Assuré en liste noire;2026-02-12
ASSURE;000000000159585;Assuré en liste noire;2026-02-12
ASSURE;000000000123474;Assuré en liste noire;2026-02-12
ASSURE;000000000195890;Assuré en liste noire;2026-02-12
ASSURE;000000000142299;Assuré en liste noire;2026-02-12
ASSURE;000000000187717;Assuré en liste noire;2026-02-12
ASSURE;000000000193657;Assuré en liste noire;2026-02-12
ASSURE;000000000154178;Assuré en liste noire;2026-02-12
ASSURE;000000000109709;Assuré en liste noire;2026-02-12
ASSURE;000000000170013;Assuré en liste noire;2026-02-12
ASSURE;000000000125770;Assuré en liste noire;2026-02-12
ASSURE;000000000139283;Assuré en liste noire;2026-02-12
ASSURE;000000000154348;Assuré en liste noire;2026-02-12
ASSURE;000000000125723;Assuré en liste noire;2026-02-12
ASSURE;000000000140028;Assuré en liste noire;2026-02-12
ASSURE;000000000145284;Assuré en liste noire;2026-02-12
ASSURE;000000000118320;Assuré en liste noire;2026-02-12
ASSURE;000000000138887;Assuré en liste noire;2026-02-12
ASSURE;000000000137999;Assuré en liste noire;2026-02-12
ASSURE;000000000130609;Assuré en liste noire;2026-02-12
ASSURE;000000000196321;Assuré en liste noire;2026-02-12
ASSURE;000000000150430;Assuré en liste noire;2026-02-12
ASSURE;000000000122148;Assuré en liste noire;2026-02-12
ASSURE;000000000102733;Assuré en liste noire;2026-02-12
ASSURE;000000000137233;Assuré en liste noire;2026-02-12
ASSURE;000000000171522;Assuré en liste noire;2026-02-12
ASSURE;000000000188430;Assuré en liste noire;2026-02-12
ASSURE;000000000107034;Assuré en liste noire;2026-02-12
ASSURE;000000000113561;Assuré en liste noire;2026-02-12
ASSURE;000000000177531;Assuré en liste noire;2026-02-12
ASSURE;000000000169178;Assuré en liste noire;2026-02-12
ASSURE;000000000112199;Assuré en liste noire;2026-02-12
ASSURE;000000000139749;Assuré en liste noire;2026-02-12
ASSURE;000000000173449;Assuré en liste noire;2026-02-12
ASSURE;000000000157048;Assuré en liste noire;2026-02-12
ASSURE;000000000169725;Assuré en liste noire;2026-02-12
ASSURE;000000000181894;Assuré en liste noire;2026-02-12
ASSURE;000000000125941;Assuré en liste noire;2026-02-12
ASSURE;000000000162380;Assuré en liste noire;2026-02-12
ASSURE;000000000155413;Assuré en liste noire;2026-02-12
ASSURE;000000000160831;Assuré en liste noire;2026-02-12
ASSURE;000000000121707;Assuré en liste noire;2026-02-12
ASSURE;000000000122760;Assuré en liste noire;2026-02-12
ASSURE;000000000166875;Assuré en liste noire;2026-02-12
ASSURE;000000000192647;Assuré en liste noire;2026-02-12
ASSURE;000000000171404;Assuré en liste noire;2026-02-12
ASSURE;000000000196613;Assuré en liste noire;2026-02-12
ASSURE;000000000106075;Assuré en liste noire;2026-02-12
ASSURE;000000000171295;Assuré en liste noire;2026-02-12
ASSURE;000000000102571;Assuré en liste noire;2026-02-12
ASSURE;000000000190746;Assuré en liste noire;2026-02-12
ASSURE;000000000111233;Assuré en liste noire;2026-02-12
ASSURE;000000000182630;Assuré en liste noire;2026-02-12
ASSURE;000000000161922;Assuré en liste noire;2026-02-12
ASSURE;000000000108183;Assuré en liste noire;2026-02-12
ASSURE;000000000172668;Assuré en liste noire;2026-02-12
ASSURE;000000000195496;Assuré en liste noire;2026-02-12
ASSURE;000000000158911;Assuré en liste noire;2026-02-12
ASSURE;000000000111014;Assuré en liste noire;2026-02-12
ASSURE;000000000146116;Assuré en liste noire;2026-02-12
ASSURE;000000000137447;Assuré en liste noire;2026-02-12
ASSURE;000000000141955;Assuré en liste noire;2026-02-12
ASSURE;000000000169186;Assuré en liste noire;2026-02-12
ASSURE;000000000120861;Assuré en liste noire;2026-02-12
ASSURE;000000000167551;Assuré en liste noire;2026-02-12
ASSURE;000000000134186;Assuré en liste noire;2026-02-12
ASSURE;000000000116613;Assuré en liste noire;2026-02-12
ASSURE;000000000119679;Assuré en liste noire;2026-02-12
ASSURE;000000000123519;Assuré en liste noire;2026-02-12
ASSURE;000000000186968;Assuré en liste noire;2026-02-12
ASSURE;000000000140876;Assuré en liste noire;2026-02-12
ASSURE;000000000134627;Assuré en liste noire;2026-02-12
ASSURE;000000000193276;Assuré en liste noire;2026-02-12
ASSURE;000000000126040;Assuré en liste noire;2026-02-12
ASSURE;000000000199641;Assuré en liste noire;2026-02-12
ASSURE;000000000132965;Assuré en liste noire;2026-02-12
ASSURE;000000000110219;Assuré en liste noire;2026-02-12
ASSURE;000000000126962;Assuré en liste noire;2026-02-12
ASSURE;000000000195658;Assuré en liste noire;2026-02-12
ASSURE;000000000180942;Assuré en liste noire;2026-02-12
ASSURE;000000000151464;Assuré en liste noire;2026-02-12
ASSURE;000000000197652;Assuré en liste noire;2026-02-12
ASSURE;000000000125037;Assuré en liste noire;2026-02-12
ASSURE;000000000192954;Assuré en liste noire;2026-02-12
ASSURE;000000000144798;Assuré en liste noire;2026-02-12
ASSURE;000000000197648;Assuré en liste noire;2026-02-12
ASSURE;000000000168378;Assuré en liste noire;2026-02-12
ASSURE;000000000120913;Assuré en liste noire;2026-02-12
ASSURE;000000000162927;Assuré en liste noire;2026-02-12
ASSURE;000000000142351;Assuré en liste noire;2026-02-12
ASSURE;000000000177119;Assuré en liste noire;2026-02-12
ASSURE;000000000180019;Assuré en liste noire;2026-02-12
ASSURE;000000000189106;Assuré en liste noire;2026-02-12
ASSURE;000000000149724;Assuré en liste noire;2026-02-12
ASSURE;000000000173448;Assuré en liste noire;2026-02-12
ASSURE;000000000155617;Assuré en liste noire;2026-02-12
ASSURE;000000000136068;Assuré en liste noire;2026-02-12
ASSURE;000000000135495;Assuré en liste noire;2026-02-12
ASSURE;000000000116184;Assuré en liste noire;2026-02-12
ASSURE;000000000124196;Assuré en liste noire;2026-02-12
ASSURE;000000000182890;Assuré en liste noire;2026-02-12
ASSURE;000000000129838;Assuré en liste noire;2026-02-12
ASSURE;000000000181837;Assuré en liste noire;2026-02-12
ASSURE;000000000134004;Assuré en liste noire;2026-02-12
ASSURE;000000000120312;Assuré en liste noire;2026-02-12
ASSURE;000000000181185;Assuré en liste noire;2026-02-12
ASSURE;000000000194266;Assuré en liste noire;2026-02-12
ASSURE;000000000154939;Assuré en liste noire;2026-02-12
ASSURE;000000000198461;Assuré en liste noire;2026-02-12
ASSURE;000000000132686;Assuré en liste noire;2026-02-12
ASSURE;000000000132056;Assuré en liste noire;2026-02-12
ASSURE;000000000108022;Assuré en liste noire;2026-02-12
ASSURE;000000000110430;Assuré en liste noire;2026-02-12
ASSURE;000000000144519;Assuré en liste noire;2026-02-12
ASSURE;000000000188350;Assuré en liste noire;2026-02-12
ASSURE;000000000104204;Assuré en liste noire;2026-02-12
ASSURE;000000000105550;Assuré en liste noire;2026-02-12
ASSURE;000000000115192;Assuré en liste noire;2026-02-12
ASSURE;000000000118945;Assuré en liste noire;2026-02-12
ASSURE;000000000120695;Assuré en liste noire;2026-02-12
ASSURE;000000000165639;Assuré en liste noire;2026-02-12
ASSURE;000000000112460;Assuré en liste noire;2026-02-12
ASSURE;000000000177032;Assuré en liste noire;2026-02-12
ASSURE;000000000104631;Assuré en liste noire;2026-02-12
ASSURE;000000000181584;Assuré en liste noire;2026-02-12
ASSURE;000000000112802;Assuré en liste noire;2026-02-12
ASSURE;000000000163115;Assuré en liste noire;2026-02-12
ASSURE;000000000138951;Assuré en liste noire;2026-02-12
ASSURE;000000000140433;Assuré en liste noire;2026-02-12
ASSURE;000000000154479;Assuré en liste noire;2026-02-12
ASSURE;000000000199490;Assuré en liste noire;2026-02-12
ASSURE;000000000121058;Assuré en liste noire;2026-02-12
ASSURE;000000000110389;Assuré en liste noire;2026-02-12
ASSURE;000000000105759;Assuré en liste noire;2026-02-12
ASSURE;000000000110269;Assuré en liste noire;2026-02-12
ASSURE;000000000174045;Assuré en liste noire;2026-02-12
ASSURE;000000000176073;Assuré en liste noire;2026-02-12
ASSURE;000000000113751;Assuré en liste noire;2026-02-12
ASSURE;000000000107301;Assuré en liste noire;2026-02-12
ASSURE;000000000132470;Assuré en liste noire;2026-02-12
ASSURE;000000000102042;Assuré en liste noire;2026-02-12
ASSURE;000000000129895;Assuré en liste noire;2026-02-12
ASSURE;000000000130358;Assuré en liste noire;2026-02-12
ASSURE;000000000165156;Assuré en liste noire;2026-02-12
ASSURE;000000000178907;Assuré en liste noire;2026-02-12
ASSURE;000000000124543;Assuré en liste noire;2026-02-12
ASSURE;000000000133151;Assuré en liste noire;2026-02-12
ASSURE;000000000153274;Assuré en liste noire;2026-02-12
ASSURE;000000000129977;Assuré en liste noire;2026-02-12
ASSURE;000000000140181;Assuré en liste noire;2026-02-12
ASSURE;000000000164974;Assuré en liste noire;2026-02-12
ASSURE;000000000126067;Assuré en liste noire;2026-02-12
ASSURE;000000000164194;Assuré en liste noire;2026-02-12
ASSURE;000000000101933;Assuré en liste noire;2026-02-12
ASSURE;000000000172662;Assuré en liste noire;2026-02-12
ASSURE;000000000121756;Assuré en liste noire;2026-02-12
ASSURE;000000000181804;Assuré en liste noire;2026-02-12
ASSURE;000000000134357;Assuré en liste noire;2026-02-12
ASSURE;000000000199160;Assuré en liste noire;2026-02-12
ASSURE;000000000178978;Assuré en liste noire;2026-02-12
ASSURE;000000000180015;Assuré en liste noire;2026-02-12
ASSURE;000000000172701;Assuré en liste noire;2026-02-12
ASSURE;000000000115357;Assuré en liste noire;2026-02-12
ASSURE;000000000151937;Assuré en liste noire;2026-02-12
ASSURE;000000000182228;Assuré en liste noire;2026-02-12
ASSURE;000000000166109;Assuré en liste noire;2026-02-12
ASSURE;000000000110195;Assuré en liste noire;2026-02-12
ASSURE;000000000137830;Assuré en liste noire;2026-02-12
ASSURE;000000000189927;Assuré en liste noire;2026-02-12
ASSURE;000000000160212;Assuré en liste noire;2026-02-12
ASSURE;000000000134065;Assuré en liste noire;2026-02-12
ASSURE;000000000122870;Assuré en liste noire;2026-02-12
ASSURE;000000000184899;Assuré en liste noire;2026-02-12
ASSURE;000000000146766;Assuré en liste noire;2026-02-12
ASSURE;000000000130275;Assuré en liste noire;2026-02-12
ASSURE;000000000105106;Assuré en liste noire;2026-02-12
ASSURE;000000000194783;Assuré en liste noire;2026-02-12
ASSURE;000000000130503;Assuré en liste noire;2026-02-12
ASSURE;000000000169559;Assuré en liste noire;2026-02-12
ASSURE;000000000182071;Assuré en liste noire;2026-02-12
ASSURE;000000000187053;Assuré en liste noire;2026-02-12
ASSURE;000000000194089;Assuré en liste noire;2026-02-12
ASSURE;000000000157239;Assuré en liste noire;2026-02-12
ASSURE;000000000192631;Assuré en liste noire;2026-02-12
ASSURE;000000000188971;Assuré en liste noire;2026-02-12
ASSURE;000000000197095;Assuré en liste noire;2026-02-12
ASSURE;000000000154666;Assuré en liste noire;2026-02-12
ASSURE;000000000180158;Assuré en liste noire;2026-02-12
ASSURE;000000000157736;Assuré en liste noire;2026-02-12
ASSURE;000000000137923;Assuré en liste noire;2026-02-12
ASSURE;000000000190774;Assuré en liste noire;2026-02-12
ASSURE;000000000156738;Assuré en liste noire;2026-02-12
ASSURE;000000000181150;Assuré en liste noire;2026-02-12
ASSURE;000000000102643;Assuré en liste noire;2026-02-12
ASSURE;000000000112020;Assuré en liste noire;2026-02-12
ASSURE;000000000111958;Assuré en liste noire;2026-02-12
ASSURE;000000000133522;Assuré en liste noire;2026-02-12
ASSURE;000000000194670;Assuré en liste noire;2026-02-12
ASSURE;000000000162806;Assuré en liste noire;2026-02-12
ASSURE;000000000166623;Assuré en liste noire;2026-02-12
ASSURE;000000000149978;Assuré en liste noire;2026-02-12
ASSURE;000000000162241;Assuré en liste noire;2026-02-12
ASSURE;000000000158892;Assuré en liste noire;2026-02-12
ASSURE;000000000135062;Assuré en liste noire;2026-02-12
ASSURE;000000000157548;Assuré en liste noire;2026-02-12
ASSURE;000000000177000;Assuré en liste noire;2026-02-12
ASSURE;000000000151953;Assuré en liste noire;2026-02-12
ASSURE;000000000158130;Assuré en liste noire;2026-02-12
ASSURE;000000000142719;Assuré en liste noire;2026-02-12
ASSURE;000000000152314;Assuré en liste noire;2026-02-12
ASSURE;000000000144153;Assuré en liste noire;2026-02-12
ASSURE;000000000161126;Assuré en liste noire;2026-02-12
ASSURE;000000000121645;Assuré en liste noire;2026-02-12
ASSURE;000000000151401;Assuré en liste noire;2026-02-12
ASSURE;000000000120888;Assuré en liste noire;2026-02-12
ASSURE;000000000139368;Assuré en liste noire;2026-02-12
ASSURE;000000000120178;Assuré en liste noire;2026-02-12
ASSURE;000000000197088;Assuré en liste noire;2026-02-12
ASSURE;000000000141327;Assuré en liste noire;2026-02-12
ASSURE;000000000162753;Assuré en liste noire;2026-02-12
ASSURE;000000000144215;Assuré en liste noire;2026-02-12
ASSURE;000000000178894;Assuré en liste noire;2026-02-12
ASSURE;000000000171516;Assuré en liste noire;2026-02-12
ASSURE;000000000149255;Assuré en liste noire;2026-02-12
ASSURE;000000000113494;Assuré en liste noire;2026-02-12
ASSURE;000000000142754;Assuré en liste noire;2026-02-12
ASSURE;000000000139907;Assuré en liste noire;2026-02-12
ASSURE;000000000111495;Assuré en liste noire;2026-02-12
ASSURE;000000000199029;Assuré en liste noire;2026-02-12
ASSURE;000000000142138;Assuré en liste noire;2026-02-12
ASSURE;000000000140680;Assuré en liste noire;2026-02-12
ASSURE;000000000177814;Assuré en liste noire;2026-02-12
ASSURE;000000000131156;Assuré en liste noire;2026-02-12
ASSURE;000000000141193;Assuré en liste noire;2026-02-12
ASSURE;000000000157770;Assuré en liste noire;2026-02-12
ASSURE;000000000175659;Assuré en liste noire;2026-02-12
ASSURE;000000000141679;Assuré en liste noire;2026-02-12
ASSURE;000000000109365;Assuré en liste noire;2026-02-12
ASSURE;000000000129396;Assuré en liste noire;2026-02-12
ASSURE;000000000107174;Assuré en liste noire;2026-02-12
ASSURE;000000000188073;Assuré en liste noire;2026-02-12
ASSURE;000000000143820;Assuré en liste noire;2026-02-12
ASSURE;000000000199988;Assuré en liste noire;2026-02-12
ASSURE;000000000111216;Assuré en liste noire;2026-02-12
ASSURE;000000000163538;Assuré en liste noire;2026-02-12
ASSURE;000000000182439;Assuré en liste noire;2026-02-12
ASSURE;000000000120593;Assuré en liste noire;2026-02-12
ASSURE;000000000103374;Assuré en liste noire;2026-02-12
ASSURE;000000000125967;Assuré en liste noire;2026-02-12
ASSURE;000000000161700;Assuré en liste noire;2026-02-12
ASSURE;000000000153044;Assuré en liste noire;2026-02-12
ASSURE;000000000107447;Assuré en liste noire;2026-02-12
ASSURE;000000000165801;Assuré en liste noire;2026-02-12
ASSURE;000000000104141;Assuré en liste noire;2026-02-12
ASSURE;000000000161047;Assuré en liste noire;2026-02-12
ASSURE;000000000196644;Assuré en liste noire;2026-02-12
ASSURE;000000000125588;Assuré en liste noire;2026-02-12
ASSURE;000000000139840;Assuré en liste noire;2026-02-12
ASSURE;000000000122482;Assuré en liste noire;2026-02-12
ASSURE;000000000106571;Assuré en liste noire;2026-02-12
ASSURE;000000000198736;Assuré en liste noire;2026-02-12
ASSURE;000000000105373;Assuré en liste noire;2026-02-12
ASSURE;000000000116709;Assuré en liste noire;2026-02-12
ASSURE;000000000142641;Assuré en liste noire;2026-02-12
ASSURE;000000000177519;Assuré en liste noire;2026-02-12
ASSURE;000000000163241;Assuré en liste noire;2026-02-12
ASSURE;000000000104047;Assuré en liste noire;2026-02-12
ASSURE;000000000105028;Assuré en liste noire;2026-02-12
ASSURE;000000000126647;Assuré en liste noire;2026-02-12
ASSURE;000000000184747;Assuré en liste noire;2026-02-12
ASSURE;000000000147637;Assuré en liste noire;2026-02-12
ASSURE;000000000169825;Assuré en liste noire;2026-02-12
ASSURE;000000000111389;Assuré en liste noire;2026-02-12
ASSURE;000000000190712;Assuré en liste noire;2026-02-12
ASSURE;000000000129222;Assuré en liste noire;2026-02-12
ASSURE;000000000119524;Assuré en liste noire;2026-02-12
ASSURE;000000000122561;Assuré en liste noire;2026-02-12
ASSURE;000000000151287;Assuré en liste noire;2026-02-12
ASSURE;000000000194265;Assuré en liste noire;2026-02-12
ASSURE;000000000192484;Assuré en liste noire;2026-02-12
ASSURE;000000000165884;Assuré en liste noire;2026-02-12
ASSURE;000000000187651;Assuré en liste noire;2026-02-12
ASSURE;000000000126394;Assuré en liste noire;2026-02-12
ASSURE;000000000135456;Assuré en liste noire;2026-02-12
ASSURE;000000000131894;Assuré en liste noire;2026-02-12
ASSURE;000000000193414;Assuré en liste noire;2026-02-12
ASSURE;000000000191552;Assuré en liste noire;2026-02-12
ASSURE;000000000102175;Assuré en liste noire;2026-02-12
ASSURE;000000000166336;Assuré en liste noire;2026-02-12
ASSURE;000000000149645;Assuré en liste noire;2026-02-12
ASSURE;000000000103466;Assuré en liste noire;2026-02-12
ASSURE;000000000180206;Assuré en liste noire;2026-02-12
ASSURE;000000000190249;Assuré en liste noire;2026-02-12
ASSURE;000000000113476;Assuré en liste noire;2026-02-12
ASSURE;000000000103326;Assuré en liste noire;2026-02-12
ASSURE;000000000114289;Assuré en liste noire;2026-02-12
ASSURE;000000000111210;Assuré en liste noire;2026-02-12
ASSURE;000000000131525;Assuré en liste noire;2026-02-12
ASSURE;000000000179184;Assuré en liste noire;2026-02-12
ASSURE;000000000118916;Assuré en liste noire;2026-02-12
ASSURE;000000000166306;Assuré en liste noire;2026-02-12
ASSURE;000000000194624;Assuré en liste noire;2026-02-12
ASSURE;000000000195829;Assuré en liste noire;2026-02-12
ASSURE;000000000188132;Assuré en liste noire;2026-02-12
ASSURE;000000000162344;Assuré en liste noire;2026-02-12
ASSURE;000000000161367;Assuré en liste noire;2026-02-12
ASSURE;000000000128732;Assuré en liste noire;2026-02-12
ASSURE;000000000164985;Assuré en liste noire;2026-02-12
ASSURE;000000000150913;Assuré en liste noire;2026-02-12
ASSURE;000000000117653;Assuré en liste noire;2026-02-12
ASSURE;000000000140186;Assuré en liste noire;2026-02-12
ASSURE;000000000154374;Assuré en liste noire;2026-02-12
ASSURE;000000000153375;Assuré en liste noire;2026-02-12
ASSURE;000000000115417;Assuré en liste noire;2026-02-12
ASSURE;000000000131080;Assuré en liste noire;2026-02-12
ASSURE;000000000103716;Assuré en liste noire;2026-02-12
ASSURE;000000000161958;Assuré en liste noire;2026-02-12
ASSURE;000000000179614;Assuré en liste noire;2026-02-12
ASSURE;000000000109441;Assuré en liste noire;2026-02-12
ASSURE;000000000175981;Assuré en liste noire;2026-02-12
ASSURE;000000000150841;Assuré en liste noire;2026-02-12
ASSURE;000000000179601;Assuré en liste noire;2026-02-12
ASSURE;000000000142669;Assuré en liste noire;2026-02-12
ASSURE;000000000160684;Assuré en liste noire;2026-02-12
ASSURE;000000000125379;Assuré en liste noire;2026-02-12
ASSURE;000000000154156;Assuré en liste noire;2026-02-12
ASSURE;000000000153350;Assuré en liste noire;2026-02-12
ASSURE;000000000150958;Assuré en liste noire;2026-02-12
ASSURE;000000000156503;Assuré en liste noire;2026-02-12
ASSURE;000000000144005;Assuré en liste noire;2026-02-12
ASSURE;000000000143427;Assuré en liste noire;2026-02-12
ASSURE;000000000119277;Assuré en liste noire;2026-02-12
ASSURE;000000000178397;Assuré en liste noire;2026-02-12
ASSURE;000000000141195;Assuré en liste noire;2026-02-12
ASSURE;000000000124899;Assuré en liste noire;2026-02-12
ASSURE;000000000132345;Assuré en liste noire;2026-02-12
ASSURE;000000000131380;Assuré en liste noire;2026-02-12
ASSURE;000000000194815;Assuré en liste noire;2026-02-12
ASSURE;000000000159898;Assuré en liste noire;2026-02-12
ASSURE;000000000180412;Assuré en liste noire;2026-02-12
ASSURE;000000000179408;Assuré en liste noire;2026-02-12
ASSURE;000000000139588;Assuré en liste noire;2026-02-12
ASSURE;000000000103900;Assuré en liste noire;2026-02-12
ASSURE;000000000126131;Assuré en liste noire;2026-02-12
ASSURE;000000000176604;Assuré en liste noire;2026-02-12
ASSURE;000000000139461;Assuré en liste noire;2026-02-12
ASSURE;000000000101318;Assuré en liste noire;2026-02-12
ASSURE;000000000184788;Assuré en liste noire;2026-02-12
ASSURE;000000000119521;Assuré en liste noire;2026-02-12
ASSURE;000000000117793;Assuré en liste noire;2026-02-12
ASSURE;000000000134019;Assuré en liste noire;2026-02-12
ASSURE;000000000157871;Assuré en liste noire;2026-02-12
ASSURE;000000000175116;Assuré en liste noire;2026-02-12
ASSURE;000000000145657;Assuré en liste noire;2026-02-12
ASSURE;000000000109556;Assuré en liste noire;2026-02-12
ASSURE;000000000177133;Assuré en liste noire;2026-02-12
ASSURE;000000000109068;Assuré en liste noire;2026-02-12
ASSURE;000000000176587;Assuré en liste noire;2026-02-12
ASSURE;000000000110148;Assuré en liste noire;2026-02-12
ASSURE;000000000193880;Assuré en liste noire;2026-02-12
ASSURE;000000000134539;Assuré en liste noire;2026-02-12
ASSURE;000000000175003;Assuré en liste noire;2026-02-12
ASSURE;000000000125992;Assuré en liste noire;2026-02-12
ASSURE;000000000118373;Assuré en liste noire;2026-02-12
ASSURE;000000000163860;Assuré en liste noire;2026-02-12
ASSURE;000000000142657;Assuré en liste noire;2026-02-12
ASSURE;000000000198588;Assuré en liste noire;2026-02-12
ASSURE;000000000114037;Assuré en liste noire;2026-02-12
ASSURE;000000000120108;Assuré en liste noire;2026-02-12
ASSURE;000000000107072;Assuré en liste noire;2026-02-12
ASSURE;000000000169084;Assuré en liste noire;2026-02-12
ASSURE;000000000137683;Assuré en liste noire;2026-02-12
ASSURE;000000000157755;Assuré en liste noire;2026-02-12
ASSURE;000000000197990;Assuré en liste noire;2026-02-12
ASSURE;000000000170492;Assuré en liste noire;2026-02-12
ASSURE;000000000170629;Assuré en liste noire;2026-02-12
ASSURE;000000000102556;Assuré en liste noire;2026-02-12
ASSURE;000000000115529;Assuré en liste noire;2026-02-12
ASSURE;000000000117431;Assuré en liste noire;2026-02-12
ASSURE;000000000129130;Assuré en liste noire;2026-02-12
ASSURE;000000000198864;Assuré en liste noire;2026-02-12
ASSURE;000000000149586;Assuré en liste noire;2026-02-12
ASSURE;000000000168242;Assuré en liste noire;2026-02-12
ASSURE;000000000131787;Assuré en liste noire;2026-02-12
ASSURE;000000000184086;Assuré en liste noire;2026-02-12
ASSURE;000000000140388;Assuré en liste noire;2026-02-12
ASSURE;000000000156808;Assuré en liste noire;2026-02-12
ASSURE;000000000190373;Assuré en liste noire;2026-02-12
ASSURE;000000000179327;Assuré en liste noire;2026-02-12
ASSURE;000000000129910;Assuré en liste noire;2026-02-12
ASSURE;000000000161349;Assuré en liste noire;2026-02-12
ASSURE;000000000129475;Assuré en liste noire;2026-02-12
ASSURE;000000000147572;Assuré en liste noire;2026-02-12
ASSURE;000000000150599;Assuré en liste noire;2026-02-12
ASSURE;000000000151958;Assuré en liste noire;2026-02-12
ASSURE;000000000186227;Assuré en liste noire;2026-02-12
ASSURE;000000000174088;Assuré en liste noire;2026-02-12
ASSURE;000000000124114;Assuré en liste noire;2026-02-12
ASSURE;000000000193967;Assuré en liste noire;2026-02-12
ASSURE;000000000185260;Assuré en liste noire;2026-02-12
ASSURE;000000000174787;Assuré en liste noire;2026-02-12
ASSURE;000000000118384;Assuré en liste noire;2026-02-12
ASSURE;000000000188837;Assuré en liste noire;2026-02-12
ASSURE;000000000167516;Assuré en liste noire;2026-02-12
ASSURE;000000000143207;Assuré en liste noire;2026-02-12
ASSURE;000000000150104;Assuré en liste noire;2026-02-12
ASSURE;000000000132511;Assuré en liste noire;2026-02-12
ASSURE;000000000140982;Assuré en liste noire;2026-02-12
ASSURE;000000000161574;Assuré en liste noire;2026-02-12
ASSURE;000000000104468;Assuré en liste noire;2026-02-12
ASSURE;000000000125387;Assuré en liste noire;2026-02-12
ASSURE;000000000142903;Assuré en liste noire;2026-02-12
ASSURE;000000000189207;Assuré en liste noire;2026-02-12
ASSURE;000000000142898;Assuré en liste noire;2026-02-12
ASSURE;000000000133088;Assuré en liste noire;2026-02-12
ASSURE;000000000149422;Assuré en liste noire;2026-02-12
ASSURE;000000000177846;Assuré en liste noire;2026-02-12
ASSURE;000000000109356;Assuré en liste noire;2026-02-12
ASSURE;000000000152245;Assuré en liste noire;2026-02-12
ASSURE;000000000160781;Assuré en liste noire;2026-02-12
ASSURE;000000000194650;Assuré en liste noire;2026-02-12
ASSURE;000000000159717;Assuré en liste noire;2026-02-12
ASSURE;000000000160617;Assuré en liste noire;2026-02-12
ASSURE;000000000173980;Assuré en liste noire;2026-02-12
ASSURE;000000000189738;Assuré en liste noire;2026-02-12
ASSURE;000000000102726;Assuré en liste noire;2026-02-12
ASSURE;000000000197717;Assuré en liste noire;2026-02-12
ASSURE;000000000144294;Assuré en liste noire;2026-02-12
ASSURE;000000000127115;Assuré en liste noire;2026-02-12
ASSURE;000000000189115;Assuré en liste noire;2026-02-12
ASSURE;000000000162160;Assuré en liste noire;2026-02-12
ASSURE;000000000108894;Assuré en liste noire;2026-02-12
ASSURE;000000000113898;Assuré en liste noire;2026-02-12
ASSURE;000000000150679;Assuré en liste noire;2026-02-12
ASSURE;000000000164063;Assuré en liste noire;2026-02-12
ASSURE;000000000102569;Assuré en liste noire;2026-02-12
ASSURE;000000000177517;Assuré en liste noire;2026-02-12
ASSURE;000000000193200;Assuré en liste noire;2026-02-12
ASSURE;000000000178564;Assuré en liste noire;2026-02-12
ASSURE;000000000145549;Assuré en liste noire;2026-02-12
ASSURE;000000000184856;Assuré en liste noire;2026-02-12
ASSURE;000000000106435;Assuré en liste noire;2026-02-12
ASSURE;000000000188659;Assuré en liste noire;2026-02-12
ASSURE;000000000181198;Assuré en liste noire;2026-02-12
ASSURE;000000000184912;Assuré en liste noire;2026-02-12
ASSURE;000000000148403;Assuré en liste noire;2026-02-12
ASSURE;000000000101638;Assuré en liste noire;2026-02-12
ASSURE;000000000162378;Assuré en liste noire;2026-02-12
ASSURE;000000000188616;Assuré en liste noire;2026-02-12
ASSURE;000000000188912;Assuré en liste noire;2026-02-12
ASSURE;000000000123330;Assuré en liste noire;2026-02-12
ASSURE;000000000129291;Assuré en liste noire;2026-02-12
ASSURE;000000000157659;Assuré en liste noire;2026-02-12
ASSURE;000000000142654;Assuré en liste noire;2026-02-12
ASSURE;000000000100909;Assuré en liste noire;2026-02-12
ASSURE;000000000177580;Assuré en liste noire;2026-02-12
ASSURE;000000000173298;Assuré en liste noire;2026-02-12
ASSURE;000000000124108;Assuré en liste noire;2026-02-12
ASSURE;000000000129111;Assuré en liste noire;2026-02-12
ASSURE;000000000135973;Assuré en liste noire;2026-02-12
ASSURE;000000000120651;Assuré en liste noire;2026-02-12
ASSURE;000000000154432;Assuré en liste noire;2026-02-12
ASSURE;000000000139899;Assuré en liste noire;2026-02-12
ASSURE;000000000160881;Assuré en liste noire;2026-02-12
ASSURE;000000000181015;Assuré en liste noire;2026-02-12
ASSURE;000000000158186;Assuré en liste noire;2026-02-12
ASSURE;000000000128588;Assuré en liste noire;2026-02-12
ASSURE;000000000170665;Assuré en liste noire;2026-02-12
ASSURE;000000000134665;Assuré en liste noire;2026-02-12
ASSURE;000000000184603;Assuré en liste noire;2026-02-12
ASSURE;000000000177085;Assuré en liste noire;2026-02-12
ASSURE;000000000162825;Assuré en liste noire;2026-02-12
ASSURE;000000000126092;Assuré en liste noire;2026-02-12
ASSURE;000000000107947;Assuré en liste noire;2026-02-12
ASSURE;000000000120820;Assuré en liste noire;2026-02-12
ASSURE;000000000178792;Assuré en liste noire;2026-02-12
ASSURE;000000000108657;Assuré en liste noire;2026-02-12
ASSURE;000000000147536;Assuré en liste noire;2026-02-12
ASSURE;000000000113022;Assuré en liste noire;2026-02-12
ASSURE;000000000107931;Assuré en liste noire;2026-02-12
ASSURE;000000000144898;Assuré en liste noire;2026-02-12
ASSURE;000000000191215;Assuré en liste noire;2026-02-12
ASSURE;000000000198858;Assuré en liste noire;2026-02-12
ASSURE;000000000104789;Assuré en liste noire;2026-02-12
ASSURE;000000000192969;Assuré en liste noire;2026-02-12
ASSURE;000000000166209;Assuré en liste noire;2026-02-12
ASSURE;000000000178973;Assuré en liste noire;2026-02-12
ASSURE;000000000157478;Assuré en liste noire;2026-02-12
ASSURE;000000000155529;Assuré en liste noire;2026-02-12
ASSURE;000000000148621;Assuré en liste noire;2026-02-12
ASSURE;000000000196178;Assuré en liste noire;2026-02-12
ASSURE;000000000177251;Assuré en liste noire;2026-02-12
ASSURE;000000000194177;Assuré en liste noire;2026-02-12
ASSURE;000000000149192;Assuré en liste noire;2026-02-12
ASSURE;000000000171883;Assuré en liste noire;2026-02-12
ASSURE;000000000151763;Assuré en liste noire;2026-02-12
ASSURE;000000000115612;Assuré en liste noire;2026-02-12
ASSURE;000000000114204;Assuré en liste noire;2026-02-12
ASSURE;000000000120105;Assuré en liste noire;2026-02-12
ASSURE;000000000115000;Assuré en liste noire;2026-02-12
ASSURE;000000000188187;Assuré en liste noire;2026-02-12
ASSURE;000000000172839;Assuré en liste noire;2026-02-12
ASSURE;000000000198574;Assuré en liste noire;2026-02-12
ASSURE;000000000106781;Assuré en liste noire;2026-02-12
ASSURE;000000000102704;Assuré en liste noire;2026-02-12
ASSURE;000000000148005;Assuré en liste noire;2026-02-12
ASSURE;000000000116390;Assuré en liste noire;2026-02-12
ASSURE;000000000163043;Assuré en liste noire;2026-02-12
ASSURE;000000000112422;Assuré en liste noire;2026-02-12
ASSURE;000000000124413;Assuré en liste noire;2026-02-12
ASSURE;000000000111149;Assuré en liste noire;2026-02-12
ASSURE;000000000118619;Assuré en liste noire;2026-02-12
ASSURE;000000000100388;Assuré en liste noire;2026-02-12
ASSURE;000000000151278;Assuré en liste noire;2026-02-12
ASSURE;000000000168231;Assuré en liste noire;2026-02-12
ASSURE;000000000140344;Assuré en liste noire;2026-02-12
ASSURE;000000000199482;Assuré en liste noire;2026-02-12
ASSURE;000000000136416;Assuré en liste noire;2026-02-12
ASSURE;000000000147407;Assuré en liste noire;2026-02-12
ASSURE;000000000100788;Assuré en liste noire;2026-02-12
ASSURE;000000000105974;Assuré en liste noire;2026-02-12
ASSURE;000000000137763;Assuré en liste noire;2026-02-12
ASSURE;000000000111544;Assuré en liste noire;2026-02-12
ASSURE;000000000162167;Assuré en liste noire;2026-02-12
ASSURE;000000000117334;Assuré en liste noire;2026-02-12
ASSURE;000000000106707;Assuré en liste noire;2026-02-12
ASSURE;000000000199658;Assuré en liste noire;2026-02-12
ASSURE;000000000164144;Assuré en liste noire;2026-02-12
ASSURE;000000000121847;Assuré en liste noire;2026-02-12
ASSURE;000000000121491;Assuré en liste noire;2026-02-12
ASSURE;000000000139365;Assuré en liste noire;2026-02-12
ASSURE;000000000193522;Assuré en liste noire;2026-02-12
ASSURE;000000000199654;Assuré en liste noire;2026-02-12
ASSURE;000000000188717;Assuré en liste noire;2026-02-12
ASSURE;000000000165286;Assuré en liste noire;2026-02-12
ASSURE;000000000155667;Assuré en liste noire;2026-02-12
ASSURE;000000000160788;Assuré en liste noire;2026-02-12
ASSURE;000000000152874;Assuré en liste noire;2026-02-12
ASSURE;000000000133443;Assuré en liste noire;2026-02-12
ASSURE;000000000166902;Assuré en liste noire;2026-02-12
ASSURE;000000000157188;Assuré en liste noire;2026-02-12
ASSURE;000000000149807;Assuré en liste noire;2026-02-12
ASSURE;000000000127767;Assuré en liste noire;2026-02-12
ASSURE;000000000180387;Assuré en liste noire;2026-02-12
ASSURE;000000000112386;Assuré en liste noire;2026-02-12
ASSURE;000000000155019;Assuré en liste noire;2026-02-12
ASSURE;000000000157023;Assuré en liste noire;2026-02-12
ASSURE;000000000198256;Assuré en liste noire;2026-02-12
ASSURE;000000000123545;Assuré en liste noire;2026-02-12
ASSURE;000000000184012;Assuré en liste noire;2026-02-12
ASSURE;000000000158118;Assuré en liste noire;2026-02-12
ASSURE;000000000120491;Assuré en liste noire;2026-02-12
ASSURE;000000000162782;Assuré en liste noire;2026-02-12
ASSURE;000000000105360;Assuré en liste noire;2026-02-12
ASSURE;000000000128321;Assuré en liste noire;2026-02-12
ASSURE;000000000164609;Assuré en liste noire;2026-02-12
ASSURE;000000000128858;Assuré en liste noire;2026-02-12
ASSURE;000000000110696;Assuré en liste noire;2026-02-12
ASSURE;000000000168969;Assuré en liste noire;2026-02-12
ASSURE;000000000177986;Assuré en liste noire;2026-02-12
ASSURE;000000000143604;Assuré en liste noire;2026-02-12
ASSURE;000000000150647;Assuré en liste noire;2026-02-12
ASSURE;000000000110081;Assuré en liste noire;2026-02-12
ASSURE;000000000130000;Assuré en liste noire;2026-02-12
ASSURE;000000000168123;Assuré en liste noire;2026-02-12
ASSURE;000000000110668;Assuré en liste noire;2026-02-12
ASSURE;000000000123601;Assuré en liste noire;2026-02-12
ASSURE;000000000187587;Assuré en liste noire;2026-02-12
ASSURE;000000000130487;Assuré en liste noire;2026-02-12
ASSURE;000000000147766;Assuré en liste noire;2026-02-12
ASSURE;000000000168631;Assuré en liste noire;2026-02-12
ASSURE;000000000198548;Assuré en liste noire;2026-02-12
ASSURE;000000000169565;Assuré en liste noire;2026-02-12
ASSURE;000000000195171;Assuré en liste noire;2026-02-12
ASSURE;000000000173639;Assuré en liste noire;2026-02-12
ASSURE;000000000153671;Assuré en liste noire;2026-02-12
ASSURE;000000000124777;Assuré en liste noire;2026-02-12
ASSURE;000000000167207;Assuré en liste noire;2026-02-12
ASSURE;000000000131647;Assuré en liste noire;2026-02-12
ASSURE;000000000139668;Assuré en liste noire;2026-02-12
ASSURE;000000000143104;Assuré en liste noire;2026-02-12
ASSURE;000000000161481;Assuré en liste noire;2026-02-12
ASSURE;000000000198009;Assuré en liste noire;2026-02-12
ASSURE;000000000131944;Assuré en liste noire;2026-02-12
ASSURE;000000000133862;Assuré en liste noire;2026-02-12
ASSURE;000000000118333;Assuré en liste noire;2026-02-12
ASSURE;000000000171645;Assuré en liste noire;2026-02-12
ASSURE;000000000176507;Assuré en liste noire;2026-02-12
ASSURE;000000000108377;Assuré en liste noire;2026-02-12
ASSURE;000000000107434;Assuré en liste noire;2026-02-12
ASSURE;000000000145495;Assuré en liste noire;2026-02-12
ASSURE;000000000134656;Assuré en liste noire;2026-02-12
ASSURE;000000000136976;Assuré en liste noire;2026-02-12
ASSURE;000000000188047;Assuré en liste noire;2026-02-12
ASSURE;000000000104070;Assuré en liste noire;2026-02-12
ASSURE;000000000109703;Assuré en liste noire;2026-02-12
ASSURE;000000000186010;Assuré en liste noire;2026-02-12
ASSURE;000000000125603;Assuré en liste noire;2026-02-12
ASSURE;000000000155640;Assuré en liste noire;2026-02-12
ASSURE;000000000115183;Assuré en liste noire;2026-02-12
ASSURE;000000000141128;Assuré en liste noire;2026-02-12
ASSURE;000000000141396;Assuré en liste noire;2026-02-12
ASSURE;000000000128760;Assuré en liste noire;2026-02-12
ASSURE;000000000105900;Assuré en liste noire;2026-02-12
ASSURE;000000000145147;Assuré en liste noire;2026-02-12
ASSURE;000000000147192;Assuré en liste noire;2026-02-12
ASSURE;000000000154055;Assuré en liste noire;2026-02-12
ASSURE;000000000138197;Assuré en liste noire;2026-02-12
ASSURE;000000000115732;Assuré en liste noire;2026-02-12
ASSURE;000000000182654;Assuré en liste noire;2026-02-12
ASSURE;000000000185276;Assuré en liste noire;2026-02-12
ASSURE;000000000193923;Assuré en liste noire;2026-02-12
ASSURE;000000000199900;Assuré en liste noire;2026-02-12
ASSURE;000000000110927;Assuré en liste noire;2026-02-12
ASSURE;000000000176882;Assuré en liste noire;2026-02-12
ASSURE;000000000102497;Assuré en liste noire;2026-02-12
ASSURE;000000000147167;Assuré en liste noire;2026-02-12
ASSURE;000000000102929;Assuré en liste noire;2026-02-12
ASSURE;000000000163787;Assuré en liste noire;2026-02-12
ASSURE;000000000199081;Assuré en liste noire;2026-02-12
ASSURE;000000000134189;Assuré en liste noire;2026-02-12
ASSURE;000000000177156;Assuré en liste noire;2026-02-12
ASSURE;000000000135783;Assuré en liste noire;2026-02-12
ASSURE;000000000175218;Assuré en liste noire;2026-02-12
ASSURE;000000000165469;Assuré en liste noire;2026-02-12
ASSURE;000000000192730;Assuré en liste noire;2026-02-12
ASSURE;000000000110800;Assuré en liste noire;2026-02-12
ASSURE;000000000155279;Assuré en liste noire;2026-02-12
ASSURE;000000000133405;Assuré en liste noire;2026-02-12
ASSURE;000000000162502;Assuré en liste noire;2026-02-12
ASSURE;000000000146249;Assuré en liste noire;2026-02-12
ASSURE;000000000128976;Assuré en liste noire;2026-02-12
ASSURE;000000000148328;Assuré en liste noire;2026-02-12
ASSURE;000000000119895;Assuré en liste noire;2026-02-12
ASSURE;000000000152989;Assuré en liste noire;2026-02-12
ASSURE;000000000100262;Assuré en liste noire;2026-02-12
ASSURE;000000000148509;Assuré en liste noire;2026-02-12
ASSURE;000000000118926;Assuré en liste noire;2026-02-12
ASSURE;000000000165401;Assuré en liste noire;2026-02-12
ASSURE;000000000164312;Assuré en liste noire;2026-02-12
ASSURE;000000000183353;Assuré en liste noire;2026-02-12
ASSURE;000000000189033;Assuré en liste noire;2026-02-12
ASSURE;000000000178043;Assuré en liste noire;2026-02-12
ASSURE;000000000108353;Assuré en liste noire;2026-02-12
ASSURE;000000000196870;Assuré en liste noire;2026-02-12
ASSURE;000000000184717;Assuré en liste noire;2026-02-12
ASSURE;000000000165424;Assuré en liste noire;2026-02-12
ASSURE;000000000173264;Assuré en liste noire;2026-02-12
ASSURE;000000000198969;Assuré en liste noire;2026-02-12
ASSURE;000000000146614;Assuré en liste noire;2026-02-12
ASSURE;000000000144647;Assuré en liste noire;2026-02-12
ASSURE;000000000184792;Assuré en liste noire;2026-02-12
ASSURE;000000000171833;Assuré en liste noire;2026-02-12
ASSURE;000000000127113;Assuré en liste noire;2026-02-12
ASSURE;000000000105505;Assuré en liste noire;2026-02-12
ASSURE;000000000190836;Assuré en liste noire;2026-02-12
ASSURE;000000000135997;Assuré en liste noire;2026-02-12
ASSURE;000000000150826;Assuré en liste noire;2026-02-12
ASSURE;000000000125163;Assuré en liste noire;2026-02-12
ASSURE;000000000171552;Assuré en liste noire;2026-02-12
ASSURE;000000000170891;Assuré en liste noire;2026-02-12
ASSURE;000000000178317;Assuré en liste noire;2026-02-12
ASSURE;000000000155789;Assuré en liste noire;2026-02-12
ASSURE;000000000174038;Assuré en liste noire;2026-02-12
ASSURE;000000000196364;Assuré en liste noire;2026-02-12
ASSURE;000000000170183;Assuré en liste noire;2026-02-12
ASSURE;000000000114898;Assuré en liste noire;2026-02-12
ASSURE;000000000129536;Assuré en liste noire;2026-02-12
ASSURE;000000000140474;Assuré en liste noire;2026-02-12
ASSURE;000000000127284;Assuré en liste noire;2026-02-12
ASSURE;000000000147815;Assuré en liste noire;2026-02-12
ASSURE;000000000196866;Assuré en liste noire;2026-02-12
ASSURE;000000000137958;Assuré en liste noire;2026-02-12
ASSURE;000000000151918;Assuré en liste noire;2026-02-12
ASSURE;000000000128152;Assuré en liste noire;2026-02-12
ASSURE;000000000146135;Assuré en liste noire;2026-02-12
ASSURE;000000000161858;Assuré en liste noire;2026-02-12
ASSURE;000000000106643;Assuré en liste noire;2026-02-12
ASSURE;000000000172801;Assuré en liste noire;2026-02-12
ASSURE;000000000164705;Assuré en liste noire;2026-02-12
ASSURE;000000000103786;Assuré en liste noire;2026-02-12
ASSURE;000000000118252;Assuré en liste noire;2026-02-12
ASSURE;000000000111282;Assuré en liste noire;2026-02-12
ASSURE;000000000177729;Assuré en liste noire;2026-02-12
ASSURE;000000000196231;Assuré en liste noire;2026-02-12
ASSURE;000000000105248;Assuré en liste noire;2026-02-12
ASSURE;000000000105454;Assuré en liste noire;2026-02-12
ASSURE;000000000132179;Assuré en liste noire;2026-02-12
ASSURE;000000000189713;Assuré en liste noire;2026-02-12
ASSURE;000000000189415;Assuré en liste noire;2026-02-12
ASSURE;000000000139859;Assuré en liste noire;2026-02-12
ASSURE;000000000199274;Assuré en liste noire;2026-02-12
ASSURE;000000000131392;Assuré en liste noire;2026-02-12
ASSURE;000000000119452;Assuré en liste noire;2026-02-12
ASSURE;000000000118672;Assuré en liste noire;2026-02-12
ASSURE;000000000198038;Assuré en liste noire;2026-02-12
ASSURE;000000000154863;Assuré en liste noire;2026-02-12
ASSURE;000000000187690;Assuré en liste noire;2026-02-12
ASSURE;000000000128597;Assuré en liste noire;2026-02-12
ASSURE;000000000187842;Assuré en liste noire;2026-02-12
ASSURE;000000000188707;Assuré en liste noire;2026-02-12
ASSURE;000000000114759;Assuré en liste noire;2026-02-12
ASSURE;000000000170705;Assuré en liste noire;2026-02-12
ASSURE;000000000113134;Assuré en liste noire;2026-02-12
ASSURE;000000000128010;Assuré en liste noire;2026-02-12
ASSURE;000000000195174;Assuré en liste noire;2026-02-12
ASSURE;000000000143984;Assuré en liste noire;2026-02-12
ASSURE;000000000152189;Assuré en liste noire;2026-02-12
ASSURE;000000000176915;Assuré en liste noire;2026-02-12
ASSURE;000000000171914;Assuré en liste noire;2026-02-12
ASSURE;000000000160887;Assuré en liste noire;2026-02-12
ASSURE;000000000111526;Assuré en liste noire;2026-02-12
ASSURE;000000000139866;Assuré en liste noire;2026-02-12
ASSURE;000000000143079;Assuré en liste noire;2026-02-12
ASSURE;000000000136853;Assuré en liste noire;2026-02-12
ASSURE;000000000183871;Assuré en liste noire;2026-02-12
ASSURE;000000000196689;Assuré en liste noire;2026-02-12
ASSURE;000000000118074;Assuré en liste noire;2026-02-12
ASSURE;000000000199219;Assuré en liste noire;2026-02-12
ASSURE;000000000171813;Assuré en liste noire;2026-02-12
ASSURE;000000000126924;Assuré en liste noire;2026-02-12
ASSURE;000000000127170;Assuré en liste noire;2026-02-12
ASSURE;000000000127160;Assuré en liste noire;2026-02-12
ASSURE;000000000183985;Assuré en liste noire;2026-02-12
ASSURE;000000000111290;Assuré en liste noire;2026-02-12
ASSURE;000000000192618;Assuré en liste noire;2026-02-12
ASSURE;000000000145800;Assuré en liste noire;2026-02-12
ASSURE;000000000122924;Assuré en liste noire;2026-02-12
ASSURE;000000000119678;Assuré en liste noire;2026-02-12
ASSURE;000000000180333;Assuré en liste noire;2026-02-12
ASSURE;000000000129420;Assuré en liste noire;2026-02-12
ASSURE;000000000164452;Assuré en liste noire;2026-02-12
ASSURE;000000000155940;Assuré en liste noire;2026-02-12
ASSURE;000000000101627;Assuré en liste noire;2026-02-12
ASSURE;000000000180098;Assuré en liste noire;2026-02-12
ASSURE;000000000184427;Assuré en liste noire;2026-02-12
ASSURE;000000000130948;Assuré en liste noire;2026-02-12
ASSURE;000000000151071;Assuré en liste noire;2026-02-12
ASSURE;000000000194261;Assuré en liste noire;2026-02-12
ASSURE;000000000125456;Assuré en liste noire;2026-02-12
ASSURE;000000000157849;Assuré en liste noire;2026-02-12
ASSURE;000000000172631;Assuré en liste noire;2026-02-12
ASSURE;000000000162146;Assuré en liste noire;2026-02-12
ASSURE;000000000190908;Assuré en liste noire;2026-02-12
ASSURE;000000000131471;Assuré en liste noire;2026-02-12
ASSURE;000000000126696;Assuré en liste noire;2026-02-12
ASSURE;000000000148326;Assuré en liste noire;2026-02-12
ASSURE;000000000137044;Assuré en liste noire;2026-02-12
ASSURE;000000000126628;Assuré en liste noire;2026-02-12
ASSURE;000000000144177;Assuré en liste noire;2026-02-12
ASSURE;000000000172062;Assuré en liste noire;2026-02-12
ASSURE;000000000188027;Assuré en liste noire;2026-02-12
ASSURE;000000000145735;Assuré en liste noire;2026-02-12
ASSURE;000000000170073;Assuré en liste noire;2026-02-12
ASSURE;000000000108949;Assuré en liste noire;2026-02-12
ASSURE;000000000111545;Assuré en liste noire;2026-02-12
ASSURE;000000000153447;Assuré en liste noire;2026-02-12
ASSURE;000000000138862;Assuré en liste noire;2026-02-12
ASSURE;000000000145760;Assuré en liste noire;2026-02-12
ASSURE;000000000108515;Assuré en liste noire;2026-02-12
ASSURE;000000000106022;Assuré en liste noire;2026-02-12
ASSURE;000000000193466;Assuré en liste noire;2026-02-12
ASSURE;000000000177996;Assuré en liste noire;2026-02-12
ASSURE;000000000115611;Assuré en liste noire;2026-02-12
ASSURE;000000000160571;Assuré en liste noire;2026-02-12
ASSURE;000000000117947;Assuré en liste noire;2026-02-12
ASSURE;000000000108766;Assuré en liste noire;2026-02-12
ASSURE;000000000149850;Assuré en liste noire;2026-02-12
ASSURE;000000000132452;Assuré en liste noire;2026-02-12
ASSURE;000000000172317;Assuré en liste noire;2026-02-12
ASSURE;000000000183975;Assuré en liste noire;2026-02-12
ASSURE;000000000106606;Assuré en liste noire;2026-02-12
ASSURE;000000000135050;Assuré en liste noire;2026-02-12
ASSURE;000000000175402;Assuré en liste noire;2026-02-12
ASSURE;000000000160736;Assuré en liste noire;2026-02-12
ASSURE;000000000131723;Assuré en liste noire;2026-02-12
ASSURE;000000000136321;Assuré en liste noire;2026-02-12
ASSURE;000000000185374;Assuré en liste noire;2026-02-12
ASSURE;000000000161100;Assuré en liste noire;2026-02-12
ASSURE;000000000134345;Assuré en liste noire;2026-02-12
ASSURE;000000000120335;Assuré en liste noire;2026-02-12
ASSURE;000000000154434;Assuré en liste noire;2026-02-12
ASSURE;000000000176217;Assuré en liste noire;2026-02-12
ASSURE;000000000145411;Assuré en liste noire;2026-02-12
ASSURE;000000000147514;Assuré en liste noire;2026-02-12
ASSURE;000000000186802;Assuré en liste noire;2026-02-12
ASSURE;000000000171996;Assuré en liste noire;2026-02-12
ASSURE;000000000170527;Assuré en liste noire;2026-02-12
ASSURE;000000000116822;Assuré en liste noire;2026-02-12
ASSURE;000000000146691;Assuré en liste noire;2026-02-12
ASSURE;000000000172045;Assuré en liste noire;2026-02-12
ASSURE;000000000155233;Assuré en liste noire;2026-02-12
ASSURE;000000000187474;Assuré en liste noire;2026-02-12
ASSURE;000000000114823;Assuré en liste noire;2026-02-12
ASSURE;000000000109906;Assuré en liste noire;2026-02-12
ASSURE;000000000182063;Assuré en liste noire;2026-02-12
ASSURE;000000000192621;Assuré en liste noire;2026-02-12
ASSURE;000000000158706;Assuré en liste noire;2026-02-12
ASSURE;000000000182423;Assuré en liste noire;2026-02-12
ASSURE;000000000111085;Assuré en liste noire;2026-02-12
ASSURE;000000000115507;Assuré en liste noire;2026-02-12
ASSURE;000000000164052;Assuré en liste noire;2026-02-12
ASSURE;000000000141997;Assuré en liste noire;2026-02-12
ASSURE;000000000159790;Assuré en liste noire;2026-02-12
ASSURE;000000000199437;Assuré en liste noire;2026-02-12
ASSURE;000000000151316;Assuré en liste noire;2026-02-12
ASSURE;000000000192636;Assuré en liste noire;2026-02-12
ASSURE;000000000166732;Assuré en liste noire;2026-02-12
ASSURE;000000000155966;Assuré en liste noire;2026-02-12
ASSURE;000000000162358;Assuré en liste noire;2026-02-12
ASSURE;000000000111235;Assuré en liste noire;2026-02-12
ASSURE;000000000170839;Assuré en liste noire;2026-02-12
ASSURE;000000000169073;Assuré en liste noire;2026-02-12
ASSURE;000000000153416;Assuré en liste noire;2026-02-12
ASSURE;000000000103891;Assuré en liste noire;2026-02-12
ASSURE;000000000120665;Assuré en liste noire;2026-02-12
ASSURE;000000000175991;Assuré en liste noire;2026-02-12
ASSURE;000000000187207;Assuré en liste noire;2026-02-12
ASSURE;000000000114945;Assuré en liste noire;2026-02-12
ASSURE;000000000118744;Assuré en liste noire;2026-02-12
ASSURE;000000000117717;Assuré en liste noire;2026-02-12
ASSURE;000000000184509;Assuré en liste noire;2026-02-12
ASSURE;000000000136851;Assuré en liste noire;2026-02-12
ASSURE;000000000132343;Assuré en liste noire;2026-02-12
ASSURE;000000000189008;Assuré en liste noire;2026-02-12
ASSURE;000000000119387;Assuré en liste noire;2026-02-12
ASSURE;000000000134154;Assuré en liste noire;2026-02-12
ASSURE;000000000174416;Assuré en liste noire;2026-02-12
ASSURE;000000000138772;Assuré en liste noire;2026-02-12
ASSURE;000000000152571;Assuré en liste noire;2026-02-12
ASSURE;000000000186770;Assuré en liste noire;2026-02-12
ASSURE;000000000171648;Assuré en liste noire;2026-02-12
ASSURE;000000000106050;Assuré en liste noire;2026-02-12
ASSURE;000000000154776;Assuré en liste noire;2026-02-12
ASSURE;000000000113915;Assuré en liste noire;2026-02-12
ASSURE;000000000135503;Assuré en liste noire;2026-02-12
ASSURE;000000000148838;Assuré en liste noire;2026-02-12
ASSURE;000000000147113;Assuré en liste noire;2026-02-12
ASSURE;000000000160523;Assuré en liste noire;2026-02-12
ASSURE;000000000173214;Assuré en liste noire;2026-02-12
ASSURE;000000000194399;Assuré en liste noire;2026-02-12
ASSURE;000000000161711;Assuré en liste noire;2026-02-12
ASSURE;000000000192935;Assuré en liste noire;2026-02-12
ASSURE;000000000187572;Assuré en liste noire;2026-02-12
ASSURE;000000000102206;Assuré en liste noire;2026-02-12
ASSURE;000000000152951;Assuré en liste noire;2026-02-12
ASSURE;000000000183883;Assuré en liste noire;2026-02-12
ASSURE;000000000198555;Assuré en liste noire;2026-02-12
ASSURE;000000000178896;Assuré en liste noire;2026-02-12
ASSURE;000000000174587;Assuré en liste noire;2026-02-12
ASSURE;000000000106162;Assuré en liste noire;2026-02-12
ASSURE;000000000151220;Assuré en liste noire;2026-02-12
ASSURE;000000000122242;Assuré en liste noire;2026-02-12
ASSURE;000000000159352;Assuré en liste noire;2026-02-12
ASSURE;000000000197265;Assuré en liste noire;2026-02-12
ASSURE;000000000168739;Assuré en liste noire;2026-02-12
ASSURE;000000000189911;Assuré en liste noire;2026-02-12
ASSURE;000000000156158;Assuré en liste noire;2026-02-12
ASSURE;000000000107616;Assuré en liste noire;2026-02-12
ASSURE;000000000167452;Assuré en liste noire;2026-02-12
ASSURE;000000000145554;Assuré en liste noire;2026-02-12
ASSURE;000000000137908;Assuré en liste noire;2026-02-12
ASSURE;000000000170184;Assuré en liste noire;2026-02-12
ASSURE;000000000110163;Assuré en liste noire;2026-02-12
GARAGE;Garage Sahel Service;Garage en liste noire;2026-02-12
GARAGE;Garage RapidFix;Garage en liste noire;2026-02-12
GARAGE;Garage El Wifak;Garage en liste noire;2026-02-12
TIERS;000000000139970;Tiers multi-accidents;2026-02-12
TIERS;000000000100479;Tiers multi-accidents;2026-02-12
TIERS;000000000133135;Tiers multi-accidents;2026-02-12
TIERS;000000000129438;Tiers multi-accidents;2026-02-12
TIERS;000000000101053;Tiers multi-accidents;2026-02-12
